mean_mae,var_mae
0.08876179574974845,0.003469825439796414
