Feature_Set,Model,R2_Score,RMSE,MAE
RFE_LinearRegression,LinearRegression,-5.640386984962132,0.22395948073837307,0.19221776352953154
