Feature_Set,Model,R2_Score,RMSE,MAE
RFE_LinearRegression,LinearRegression,0.27537269523841845,0.16265360218228048,0.1357818454125016
