mean_mae,var_mae
0.08827425977093797,0.00325878846204706
