mean_best_k,std_best_k,mean_r2,var_r2,mean_mae,var_mae
11.464285714285714,6.489205526086252,0.2617953623084189,0.0582253389715424,0.1262150977765279,0.0009521094857462386
