mean_best_k,std_best_k,mean_mae,var_mae
95.42857142857143,120.96905896762703,0.0523673430046948,0.002686078288722738
