mean_best_k,std_best_k,mean_mae,var_mae
77.21428571428571,125.16044729121721,0.06428940769553251,0.002914601354711614
